{"cameraMode":{"drawMode":0,"name":"Shaded","section":"Shading Mode"},"sceneLighting":true,"audioPlay":false,"sceneViewState":{"showFog":true,"showMaterialUpdate":false,"showSkybox":true,"showFlares":true,"showImageEffects":true,"showParticleSystems":true},"in2DMode":false,"pivot":{"x":122.1184310913086,"y":725.4652709960938,"z":1693.430419921875},"rotation":{"x":0.006581577472388744,"y":-0.9870991110801697,"z":0.1543399840593338,"w":0.04208610951900482},"size":191.23834228515626,"orthographic":true}