{"cameraMode":{"drawMode":0,"name":"Shaded","section":"Shading Mode"},"sceneLighting":false,"audioPlay":false,"sceneViewState":{"showFog":true,"showMaterialUpdate":false,"showSkybox":true,"showFlares":true,"showImageEffects":true,"showParticleSystems":true},"in2DMode":false,"pivot":{"x":356.3033752441406,"y":271.2189025878906,"z":363.5926208496094},"rotation":{"x":0.011246304959058762,"y":0.9852284789085388,"z":-0.07136616110801697,"w":0.15525871515274049},"size":4.069093227386475,"orthographic":false}