{"cameraMode":{"drawMode":0,"name":"Shaded","section":"Shading Mode"},"sceneLighting":true,"audioPlay":false,"sceneViewState":{"showFog":true,"showMaterialUpdate":false,"showSkybox":true,"showFlares":true,"showImageEffects":true,"showParticleSystems":true},"in2DMode":false,"pivot":{"x":151.02195739746095,"y":725.4652709960938,"z":1703.07958984375},"rotation":{"x":-0.022973421961069108,"y":-0.10418950766324997,"z":0.002408183878287673,"w":-0.994289219379425},"size":3450.385498046875,"orthographic":true}