{"cameraMode":{"drawMode":0,"name":"Shaded","section":"Shading Mode"},"sceneLighting":false,"audioPlay":false,"sceneViewState":{"showFog":true,"showMaterialUpdate":false,"showSkybox":true,"showFlares":true,"showImageEffects":true,"showParticleSystems":true},"in2DMode":false,"pivot":{"x":405.8354797363281,"y":266.13958740234377,"z":-6.27117919921875},"rotation":{"x":-0.022973421961069108,"y":-0.10418950766324997,"z":0.002408183878287673,"w":-0.994289219379425},"size":22.0,"orthographic":true}