{"cameraMode":{"drawMode":0,"name":"Shaded","section":"Shading Mode"},"sceneLighting":false,"audioPlay":false,"sceneViewState":{"showFog":true,"showMaterialUpdate":false,"showSkybox":true,"showFlares":true,"showImageEffects":true,"showParticleSystems":true},"in2DMode":false,"pivot":{"x":-4.848595142364502,"y":1.0242949724197388,"z":9.596494674682618},"rotation":{"x":0.013406790792942047,"y":0.965859055519104,"z":-0.05105435475707054,"w":0.25363367795944216},"size":13.231531143188477,"orthographic":false}