{"cameraMode":{"drawMode":0,"name":"Shaded","section":"Shading Mode"},"sceneLighting":false,"audioPlay":false,"sceneViewState":{"showFog":true,"showMaterialUpdate":false,"showSkybox":true,"showFlares":true,"showImageEffects":true,"showParticleSystems":true},"in2DMode":false,"pivot":{"x":2.190000057220459,"y":1.2599999904632569,"z":3.319999933242798},"rotation":{"x":0.013406790792942047,"y":0.965859055519104,"z":-0.05105435475707054,"w":0.25363367795944216},"size":1.0171282291412354,"orthographic":false}