{"cameraMode":{"drawMode":0,"name":"Shaded","section":"Shading Mode"},"sceneLighting":false,"audioPlay":false,"sceneViewState":{"showFog":true,"showMaterialUpdate":false,"showSkybox":true,"showFlares":true,"showImageEffects":true,"showParticleSystems":true},"in2DMode":false,"pivot":{"x":405.8354797363281,"y":266.13958740234377,"z":-6.27117919921875},"rotation":{"x":0.011246304959058762,"y":0.9852284789085388,"z":-0.07136616110801697,"w":0.15525871515274049},"size":22.0,"orthographic":false}